<application>
  <component name="MaterialThemeNewConfig">
    <option name="accentState">
      <MTAccentConfigState>
        <option name="accentColorHex" value="ff9800" />
      </MTAccentConfigState>
    </option>
    <option name="metadata">
      <MTMetadataState>
        <option name="allowDataCollection" value="true" />
        <option name="pristineConfig" value="false" />
        <option name="userId" value="6fc8a6ab:1904feed43e:-8000" />
        <option name="version" value="9.8.1" />
        <option name="wizardShown" value="true" />
      </MTMetadataState>
    </option>
    <option name="themeState">
      <MTThemeConfigState>
        <option name="selectedThemeName" value="DARKER" />
      </MTThemeConfigState>
    </option>
  </component>
</application>