<application>
  <component name="FileTypeManager" version="19">
    <ignoreFiles list="*$py.class;*.pyc;*.pyo;*.rbc;*~;.DS_Store;.git;.hg;.mypy_cache;.pytest_cache;.ruff_cache;.svn;CVS;RCS;SCCS;__pycache__;_svn;rcs" />
    <extensionMap>
      <mapping pattern="jest.config" type="JSON" />
      <mapping pattern=".eslintrc" type="JSON" />
      <mapping pattern=".stylelintrc" type="JSON" />
      <mapping pattern=".babelrc" type="JSON" />
      <mapping pattern=".ws-context" type="JSON" />
      <mapping pattern=".prettierrc" type="JSON" />
      <mapping ext="jsb2" type="JSON" />
      <mapping ext="jsb3" type="JSON" />
      <mapping pattern=".devcontainer.json" type="JSON5" />
      <mapping pattern="devcontainer.json" type="JSON5" />
      <mapping pattern="mcp.json" type="JSON5" />
      <mapping ext="pymod" type="Python" />
      <removed_mapping ext="pdf" approved="true" type="Native" />
      <mapping ext="gradle.kts" type="Kotlin" />
      <mapping ext="main.kts" type="Kotlin" />
    </extensionMap>
  </component>
</application>