<application>
  <component name="ProjectJdkTable">
    <jdk version="2">
      <name value="Python 3.13 (PyCharmMiscProject)" />
      <type value="Python SDK" />
      <version value="Python 3.13.8" />
      <homePath value="$USER_HOME$/PyCharmMiscProject/.venv/bin/python" />
      <roots>
        <classPath>
          <root type="composite">
            <root url="file:///opt/homebrew/Cellar/python@3.13/3.13.8/Frameworks/Python.framework/Versions/3.13/lib/python3.13" type="simple" />
            <root url="file:///opt/homebrew/Cellar/python@3.13/3.13.8/Frameworks/Python.framework/Versions/3.13/lib/python3.13/lib-dynload" type="simple" />
            <root url="file://$USER_HOME$/PyCharmMiscProject/.venv/lib/python3.13/site-packages" type="simple" />
            <root url="file://$USER_HOME$/Library/Caches/JetBrains/PyCharm2025.3/python_stubs/339867927" type="simple" />
            <root url="file://$APPLICATION_HOME_DIR$/plugins/python-ce/helpers/typeshed/stdlib" type="simple" />
          </root>
        </classPath>
        <sourcePath>
          <root type="composite" />
        </sourcePath>
      </roots>
      <additional ASSOCIATED_PROJECT_PATH="$USER_HOME$/PyCharmMiscProject" SDK_UUID="e09bc67b-6db5-49df-bd23-0c29ecc967ef">
        <setting name="FLAVOR_ID" value="VirtualEnvSdkFlavor" />
        <setting name="FLAVOR_DATA" value="{}" />
      </additional>
    </jdk>
  </component>
</application>