<application>
  <component name="ProjectManager">
    <defaultProject>
      <component name="Encoding">
        <file url="PROJECT" charset="UTF-8" />
      </component>
      <component name="MaterialThemeProjectNewConfig">
        <option name="metadata">
          <MTProjectMetadataState>
            <option name="migrated" value="true" />
            <option name="pristineConfig" value="false" />
            <option name="userId" value="-3df5a665:18362805a73:-8000" />
            <option name="version" value="8.13.2" />
          </MTProjectMetadataState>
        </option>
      </component>
      <component name="PropertiesComponent"><![CDATA[{
  "keyToString": {
    "settings.editor.selected.configurable": "preferences.pluginManager"
  }
}]]></component>
      <component name="WindowStateProjectService">
        <state x="764" y="25" key="SettingsEditor" timestamp="1770895577785">
          <screen x="0" y="25" width="2560" height="1340" />
        </state>
        <state x="764" y="25" key="SettingsEditor/0.25.2560.1340" timestamp="1770895577785" />
      </component>
    </defaultProject>
  </component>
</application>