<application>
  <component name="ProjectManager">
    <defaultProject>
      <component name="Encoding">
        <file url="PROJECT" charset="UTF-8" />
      </component>
      <component name="MaterialThemeProjectNewConfig">
        <option name="metadata">
          <MTProjectMetadataState>
            <option name="userId" value="-27628bce:1941088a75e:-7ffa" />
          </MTProjectMetadataState>
        </option>
      </component>
      <component name="PropertiesComponent">{
  &quot;keyToString&quot;: {
    &quot;settings.editor.selected.configurable&quot;: &quot;MTFeaturesSettingsConfigurable&quot;
  }
}</component>
      <component name="WindowStateProjectService">
        <state x="604" y="199" key="SettingsEditor" timestamp="1735443784915">
          <screen x="0" y="25" width="2560" height="1330" />
        </state>
        <state x="604" y="199" key="SettingsEditor/0.25.2560.1330" timestamp="1735443784915" />
      </component>
    </defaultProject>
  </component>
</application>