<application>
  <component name="NodeJsLocalInterpreterManager">
    <local-interpreter path="$USER_HOME$/.nvm/versions/node/v22.12.0/bin/node">
      <version-cache version="22.12.0" last-modified="1733114870000" />
    </local-interpreter>
    <local-interpreter path="$USER_HOME$/.nvm/versions/node/v21.7.1/bin/node">
      <version-cache version="21.7.1" last-modified="1709916786000" />
    </local-interpreter>
    <local-interpreter path="$USER_HOME$/.nvm/versions/node/v16.13.2/bin/node">
      <version-cache version="16.13.2" last-modified="1641850030000" />
    </local-interpreter>
    <local-interpreter path="/bin/node">
      <version-cache version="12.22.9" last-modified="1717773476000" />
    </local-interpreter>
    <local-interpreter path="/usr/bin/node">
      <version-cache version="12.22.9" last-modified="1717773476000" />
    </local-interpreter>
  </component>
</application>