<application>
  <component name="DimensionService">
    <size key="GridCell.Tab.0.left.0.0.5120.2880@192dpi" width="3856" height="1130" />
    <size key="GridCell.Tab.0.center.0.0.5120.2880@192dpi" width="3856" height="1130" />
    <size key="GridCell.Tab.0.right.0.0.5120.2880@192dpi" width="3856" height="1130" />
    <size key="GridCell.Tab.0.bottom.0.0.5120.2880@192dpi" width="3856" height="1130" />
    <size key="GridCell.Tab.1.left.0.0.5120.2880@192dpi" width="3856" height="1130" />
    <size key="GridCell.Tab.1.center.0.0.5120.2880@192dpi" width="3856" height="1130" />
    <size key="GridCell.Tab.1.right.0.0.5120.2880@192dpi" width="3856" height="1130" />
    <size key="GridCell.Tab.1.bottom.0.0.5120.2880@192dpi" width="3856" height="1130" />
    <size key="GridCell.Tab.2.left.0.0.5120.2880@192dpi" width="3856" height="1130" />
    <size key="GridCell.Tab.2.center.0.0.5120.2880@192dpi" width="3856" height="1130" />
    <size key="GridCell.Tab.2.right.0.0.5120.2880@192dpi" width="3856" height="1130" />
    <size key="GridCell.Tab.2.bottom.0.0.5120.2880@192dpi" width="3856" height="1130" />
    <size key="GridCell.Tab.3.left.0.0.5120.2880@192dpi" width="3856" height="1130" />
    <size key="GridCell.Tab.3.center.0.0.5120.2880@192dpi" width="3856" height="1130" />
    <size key="GridCell.Tab.3.right.0.0.5120.2880@192dpi" width="3856" height="1130" />
    <size key="GridCell.Tab.3.bottom.0.0.5120.2880@192dpi" width="3856" height="1130" />
  </component>
  <component name="WindowManager">
    <frame x="364" y="57" width="2012" height="1216" />
  </component>
  <component name="WindowStateApplicationService">
    <state x="892" y="357" key="FileChooserDialogImpl" timestamp="1734561895922">
      <screen x="0" y="32" width="2560" height="1356" />
    </state>
    <state x="892" y="357" key="FileChooserDialogImpl/0.32.2560.1356" timestamp="1734561895922" />
  </component>
</application>