<application>
  <component name="CodeInsightSettings">
    <option name="REFORMAT_ON_PASTE" value="1" />
    <option name="INDENT_TO_CARET_ON_PASTE" value="true" />
  </component>
  <component name="DeclarativeInlayHintsSettings">
    <option name="providerIdToEnabled">
      <map>
        <entry key="js.chain.hints" value="true" />
        <entry key="js.type.hints" value="true" />
        <entry key="qodana.yaml.inspection.descriptions" value="true" />
        <entry key="sql.column.names.inlay.hints" value="true" />
        <entry key="sql.join.cardinality.hints" value="true" />
        <entry key="ts.chain.hints" value="true" />
        <entry key="ts.enum.hints" value="true" />
        <entry key="ts.type.hints" value="true" />
      </map>
    </option>
  </component>
</application>