<application>
  <component name="LocalDatabaseDriverManager" version="201">
    <driver id="sqlite.xerial" name="Sqlite (Xerial)" />
    <driver id="oracle" name="Oracle">
      <option name="auto-sync" value="false" />
    </driver>
    <driver id="sqlserver.ms" name="SQL Server (Microsoft)">
      <option name="auto-sync" value="false" />
    </driver>
    <driver id="sqlserver.jtds" name="SQL Server (jTds)">
      <option name="auto-sync" value="false" />
    </driver>
    <driver id="sybase.jtds" name="Sybase (jTds)">
      <option name="auto-sync" value="false" />
    </driver>
    <driver id="sybase.ase" name="Sybase (Native)">
      <option name="auto-sync" value="false" />
    </driver>
    <driver id="mysql" name="MySQL" />
    <driver id="db2" name="DB2 (LUW)" />
    <driver id="db2.jtopen" name="DB2 (JTOpen)" />
    <driver id="derby.embedded" name="Derby (Embedded)" />
    <driver id="derby.remote" name="Derby (Remote)" />
  </component>
</application>