<application>
  <component name="GoSdkList">
    <sdk-url>
      <set>
        <option value="" />
        <option value="file://$USER_HOME$/Documents/Projects/IonTorrent/IonChef/baldr9-github/iot-blackbox/learn/go/go-workspace/pkg/mod/golang.org/toolchain@v0.0.1-go1.24.7.darwin-amd64" />
        <option value="file://$USER_HOME$/go/pkg/mod/golang.org/toolchain@v0.0.1-go1.24.7.darwin-amd64" />
        <option value="file:///usr/lib/go-1.17" />
        <option value="file:///usr/lib/go-1.18" />
        <option value="file:///usr/local/Cellar/go/1.16.4/libexec" />
        <option value="file:///usr/local/go" />
      </set>
    </sdk-url>
  </component>
</application>