<application>
  <component name="GeneralSettings">
    <option name="showTipsOnStartup" value="true" />
    <option name="confirmExit" value="false" />
  </component>
  <component name="Registry">
    <entry key="ide.firstStartup" value="false" source="SYSTEM" />
    <entry key="ide.ssh.one.time.password" value="true" source="SYSTEM" />
    <entry key="moved.to.new.ui" value="true" source="SYSTEM" />
    <entry key="ide.experimental.ui" value="true" source="SYSTEM" />
    <entry key="ide.balloon.shadow.size" value="0" source="SYSTEM" />
    <entry key="ide.editor.tab.selection.animation" value="true" source="SYSTEM" />
    <entry key="ide.new.editor.tabs.vertical.borders" value="true" source="SYSTEM" />
    <entry key="ide.animate.toolwindows" value="true" source="SYSTEM" />
    <entry key="idea.islands.color.gradient.enabled" value="true" source="SYSTEM" />
    <entry key="ide.colorful.toolbar.gradient.radius" value="2000" source="SYSTEM" />
    <entry key="new.search.everywhere.font.size.delta" value="4" source="SYSTEM" />
  </component>
</application>