<application>
  <component name="Trusted.Paths">
    <option name="TRUSTED_PROJECT_PATHS">
      <map>
        <entry key="$USER_HOME$/Documents/Projects/IonTorrent/IonChef/baldr9-github/iot-blackbox/learn/go/go-workspace" value="true" />
      </map>
    </option>
  </component>
  <component name="Trusted.Paths.Settings">
    <option name="TRUSTED_PATHS">
      <list>
        <option value="$USER_HOME$/Documents/Projects/IonTorrent/IonChef/baldr9-github/iot-blackbox/learn/go" />
      </list>
    </option>
  </component>
</application>