<application>
  <component name="DimensionService">
    <size key="GridCell.Tab.0.left.0.0.2560.1440" width="1335" height="283" />
    <size key="GridCell.Tab.0.center.0.0.2560.1440" width="1335" height="283" />
    <size key="GridCell.Tab.0.right.0.0.2560.1440" width="1335" height="283" />
    <size key="GridCell.Tab.0.bottom.0.0.2560.1440" width="1335" height="283" />
  </component>
  <component name="WindowManager">
    <frame x="82" y="150" width="1417" height="1035" />
  </component>
</application>