<application>
  <component name="DimensionService">
    <size key="GridCell.Tab.0.left.0.0.2880.1800@192dpi" width="2378" height="464" />
    <size key="GridCell.Tab.0.center.0.0.2880.1800@192dpi" width="2378" height="464" />
    <size key="GridCell.Tab.0.right.0.0.2880.1800@192dpi" width="2378" height="464" />
    <size key="GridCell.Tab.0.bottom.0.0.2880.1800@192dpi" width="2378" height="464" />
  </component>
  <component name="WindowManager">
    <frame x="21" y="25" width="1231" height="680" />
  </component>
</application>