<application>
  <component name="DimensionService">
    <size key="GridCell.Tab.0.left.0.0.2560.1440" width="1335" height="283" />
    <size key="GridCell.Tab.0.center.0.0.2560.1440" width="1335" height="283" />
    <size key="GridCell.Tab.0.right.0.0.2560.1440" width="1335" height="283" />
    <size key="GridCell.Tab.0.bottom.0.0.2560.1440" width="1335" height="283" />
  </component>
  <component name="WindowManager">
    <frame x="228" y="25" width="1417" height="1035" />
  </component>
  <component name="WindowStateApplicationService">
    <state x="1066" y="358" width="424" height="491" key="FileChooserDialogImpl" timestamp="1734565385418">
      <screen x="0" y="32" width="2560" height="1356" />
    </state>
    <state x="1066" y="358" width="424" height="491" key="FileChooserDialogImpl/0.32.2560.1356" timestamp="1734565385418" />
  </component>
</application>