<application>
  <component name="ProjectManager">
    <defaultProject>
      <component name="Encoding">
        <file url="PROJECT" charset="UTF-8" />
      </component>
      <component name="MaterialThemeProjectNewConfig">
        <option name="metadata">
          <MTProjectMetadataState>
            <option name="userId" value="-32b5cbe1:193db112aae:-7ffd" />
          </MTProjectMetadataState>
        </option>
      </component>
      <component name="PropertiesComponent">{}</component>
    </defaultProject>
  </component>
</application>