<application>
  <component name="WindowManager">
    <frame x="836" y="34" width="1637" height="1274" />
  </component>
  <component name="WindowStateApplicationService">
    <state x="1066" y="369" width="424" height="493" key="FileChooserDialogImpl" timestamp="1734547265550">
      <screen x="0" y="32" width="2560" height="1356" />
    </state>
    <state x="1066" y="369" width="424" height="493" key="FileChooserDialogImpl/0.32.2560.1356" timestamp="1734547265550" />
  </component>
</application>