<application>
  <component name="ProjectManager">
    <defaultProject>
      <component name="AutoImportSettings">
        <option name="autoReloadType" value="NONE" />
      </component>
      <component name="Encoding">
        <file url="PROJECT" charset="UTF-8" />
      </component>
      <component name="MaterialThemeProjectNewConfig">
        <option name="metadata">
          <MTProjectMetadataState>
            <option name="migrated" value="true" />
            <option name="pristineConfig" value="false" />
            <option name="userId" value="-3df5a665:18362805a73:-8000" />
            <option name="version" value="8.13.2" />
          </MTProjectMetadataState>
        </option>
      </component>
      <component name="PropertiesComponent">{}</component>
      <component name="WindowStateProjectService">
        <state x="880" y="187" width="800" height="787" key="new project wizard" timestamp="1762881623406">
          <screen x="0" y="25" width="2560" height="1339" />
        </state>
        <state x="880" y="187" key="new project wizard/0.25.2560.1339" timestamp="1762881623406" />
        <state x="880" y="187" width="800" height="787" key="new project wizard/0.25.2560.1340" timestamp="1762881394616" />
      </component>
    </defaultProject>
  </component>
</application>