<application>
  <component name="Trusted.Paths">
    <option name="TRUSTED_PROJECT_PATHS">
      <map>
        <entry key="$USER_HOME$/Documents/Projects/IonTorrent/IonChef/baldr9-github/iot-blackbox/learn/go/go-workspace" value="true" />
        <entry key="$USER_HOME$/Documents/dev/baldr9-github/iot-blackbox/learn/js/webpack-es6-ts-boiler-project" value="true" />
        <entry key="$USER_HOME$/Documents/dev/baldr9-github/iot-blackbox/learn/vue.js-app-dev/VuejsInActionCode/chapter-07" value="true" />
        <entry key="$USER_HOME$/Documents/dev/csd-ics-chef-control" value="true" />
        <entry key="$USER_HOME$/Documents/dev/csd-ics-chef/GUI/gui" value="true" />
        <entry key="$APPLICATION_CONFIG_DIR$/projects/GoLandWorkspace" value="true" />
        <entry key="/Volumes/angeldisk/dev/helloflutter" value="true" />
        <entry key="/Volumes/angeldisk/dev/pb-login" value="true" />
        <entry key="/Volumes/angeldisk/dev/purinstr_proto" value="true" />
        <entry key="C:\Users\rojasfe\dev\helloflutter" value="true" />
        <entry key="\\wsl.localhost\Ubuntu\home\rojasfe\iot-blackbox\learn\go\go-workspace" value="true" />
      </map>
    </option>
  </component>
  <component name="Trusted.Paths.Settings">
    <option name="TRUSTED_PATHS">
      <list>
        <option value="$USER_HOME$/Documents/dev/baldr9-github/iot-blackbox/learn/vue.js-app-dev/VuejsInActionCode" />
        <option value="$USER_HOME$/Documents/dev/baldr9-github/iot-blackbox/learn/js" />
        <option value="$USER_HOME$/Documents/dev" />
        <option value="$USER_HOME$/Documents/Projects/IonTorrent/IonChef/baldr9-github/iot-blackbox/learn/go" />
      </list>
    </option>
  </component>
</application>