<application>
  <component name="DimensionService">
    <location key="WELCOME_SCREEN.0.0.5120.2880@192dpi" x="2560" y="678" />
    <size key="GridCell.Tab.0.left.0.0.2560.1440@120dpi" width="1962" height="229" />
    <size key="GridCell.Tab.0.center.0.0.2560.1440@120dpi" width="1962" height="229" />
    <size key="GridCell.Tab.0.right.0.0.2560.1440@120dpi" width="1962" height="229" />
    <size key="GridCell.Tab.0.bottom.0.0.2560.1440@120dpi" width="1962" height="229" />
    <size key="GridCell.Tab.0.left.0.0.5120.2880@192dpi" width="2636" height="658" />
    <size key="GridCell.Tab.0.center.0.0.5120.2880@192dpi" width="2636" height="658" />
    <size key="GridCell.Tab.0.right.0.0.5120.2880@192dpi" width="2636" height="658" />
    <size key="GridCell.Tab.0.bottom.0.0.5120.2880@192dpi" width="2636" height="658" />
  </component>
  <component name="WindowManager">
    <frame x="580" y="195" width="1400" height="1000" />
  </component>
  <component name="WindowStateApplicationService">
    <state x="1280" y="580" width="800" height="652" key="WELCOME_SCREEN" timestamp="1764997891746">
      <screen x="0" y="25" width="2560" height="1341" />
    </state>
    <state x="1280" y="579" width="800" height="650" key="WELCOME_SCREEN/0.25.2560.1338" timestamp="1762977289312" />
    <state x="1280" y="579" width="800" height="650" key="WELCOME_SCREEN/0.25.2560.1339" timestamp="1763835660219" />
    <state x="1280" y="579" width="800" height="651" key="WELCOME_SCREEN/0.25.2560.1340" timestamp="1764992140486" />
    <state x="1280" y="580" width="800" height="652" key="WELCOME_SCREEN/0.25.2560.1341" timestamp="1764997891746" />
    <state x="1280" y="610" width="800" height="687" key="WELCOME_SCREEN/0.25.2560.1415" timestamp="1763842526975" />
  </component>
</application>