<application>
  <component name="GeneralSettings">
    <option name="showTipsOnStartup" value="false" />
  </component>
  <component name="Registry">
    <entry key="ide.experimental.ui" value="true" />
    <entry key="editor.focus.mode.color.light" value="474747" />
    <entry key="editor.focus.mode.color.dark" value="474747" />
    <entry key="i18n.locale" value="" />
    <entry key="cache.folding.model.on.disk" value="false" />
    <entry key="ide.balloon.shadow.size" value="0" />
    <entry key="ide.editor.tab.selection.animation" value="true" />
    <entry key="ide.new.editor.tabs.vertical.borders" value="true" />
  </component>
  <component name="StatusBar">
    <option name="widgets">
      <map>
        <entry key="webDeployment.default.server.widget" value="false" />
      </map>
    </option>
  </component>
</application>