<application>
  <component name="MaterialThemeConfig">
    <option name="tabFontSizeEnabled" value="true" />
    <option name="treeFontSizeEnabled" value="true" />
    <option name="isTreeFontSizeEnabled" value="true" />
    <option name="isTabFontSizeEnabled" value="true" />
    <option name="accentColor" value="ff9800" />
    <option name="secondAccentColor" />
    <option name="highlightColor" />
    <option name="selectedTheme" value="DARKER" />
    <option name="userId" value="-3df5a665:18362805a73:-8000" />
    <option name="version" value="8.13.2" />
  </component>
</application>