<application>
  <component name="ProjectManager">
    <defaultProject>
      <component name="Encoding">
        <file url="PROJECT" charset="UTF-8" />
      </component>
      <component name="MaterialThemeProjectNewConfig">
        <option name="metadata">
          <MTProjectMetadataState>
            <option name="migrated" value="true" />
            <option name="pristineConfig" value="false" />
            <option name="userId" value="-3df5a665:18362805a73:-8000" />
            <option name="version" value="8.13.2" />
          </MTProjectMetadataState>
        </option>
      </component>
      <component name="PropertiesComponent">{}</component>
      <component name="WindowStateProjectService">
        <state x="878" y="244" width="1274" height="967" key="#Plugins" timestamp="1734554249608">
          <screen x="0" y="32" width="2560" height="1356" />
        </state>
        <state x="878" y="244" width="1274" height="967" key="#Plugins/0.32.2560.1356" timestamp="1734554249608" />
      </component>
    </defaultProject>
  </component>
</application>