<application>
  <component name="WindowManager">
    <frame x="480" y="98" width="1662" height="1239" />
  </component>
  <component name="WindowStateApplicationService">
    <state x="1066" y="396" width="424" height="493" key="FileChooserDialogImpl" timestamp="1734554394098">
      <screen x="0" y="32" width="2560" height="1356" />
    </state>
    <state x="1066" y="396" width="424" height="493" key="FileChooserDialogImpl/0.32.2560.1356" timestamp="1734554394098" />
    <state x="1280" y="631" width="1584" height="884" key="WELCOME_SCREEN" timestamp="1734554339485">
      <screen x="0" y="32" width="2560" height="1356" />
    </state>
    <state x="1280" y="631" width="1584" height="884" key="WELCOME_SCREEN/0.32.2560.1356" timestamp="1734554339485" />
  </component>
</application>