<application>
  <component name="GeneralSettings">
    <option name="showTipsOnStartup" value="false" />
  </component>
  <component name="Registry">
    <entry key="ide.firstStartup" value="false" source="SYSTEM" />
    <entry key="ide.ssh.one.time.password" value="true" source="SYSTEM" />
    <entry key="editor.focus.mode.color.light" value="474747" source="SYSTEM" />
    <entry key="editor.focus.mode.color.dark" value="474747" source="SYSTEM" />
    <entry key="moved.to.new.ui" value="true" source="SYSTEM" />
    <entry key="ide.experimental.ui" value="true" source="SYSTEM" />
    <entry key="ide.balloon.shadow.size" value="0" source="SYSTEM" />
    <entry key="ide.editor.tab.selection.animation" value="true" source="SYSTEM" />
    <entry key="ide.new.editor.tabs.vertical.borders" value="true" source="SYSTEM" />
    <entry key="ide.animate.toolwindows" value="true" source="SYSTEM" />
  </component>
</application>