<application>
  <component name="Trusted.Paths">
    <option name="TRUSTED_PROJECT_PATHS">
      <map>
        <entry key="$USER_HOME$/Documents/dev/baldr9-github/iot-blackbox/learn/js/webpack-es6-ts-boiler-project" value="true" />
        <entry key="$USER_HOME$/Documents/dev/baldr9-github/iot-blackbox/learn/vue.js-app-dev/VuejsInActionCode/chapter-07" value="true" />
        <entry key="/Volumes/angeldisk/dev/baldr9-github/iot-blackbox/learn/js/webpack-es6-ts-boiler-project" value="true" />
      </map>
    </option>
  </component>
  <component name="Trusted.Paths.Settings">
    <option name="TRUSTED_PATHS">
      <list>
        <option value="$USER_HOME$/Documents/dev/baldr9-github/iot-blackbox/learn/vue.js-app-dev/VuejsInActionCode" />
        <option value="$USER_HOME$/Documents/dev/baldr9-github/iot-blackbox/learn/js" />
        <option value="/Volumes/angeldisk/dev/baldr9-github/iot-blackbox/learn/js" />
      </list>
    </option>
  </component>
</application>