<application>
  <component name="WindowManager">
    <frame x="480" y="98" width="1662" height="1239" />
  </component>
  <component name="WindowStateApplicationService">
    <state x="1066" y="358" width="424" height="491" key="FileChooserDialogImpl" timestamp="1734553030454">
      <screen x="0" y="32" width="2560" height="1356" />
    </state>
    <state x="1066" y="358" width="424" height="491" key="FileChooserDialogImpl/0.32.2560.1356" timestamp="1734553030454" />
  </component>
</application>